Age,2021,2022,2023,2024,2025,2026,2027,2028,2029,2030,2031,2032,2033,2034,2035,2036,2037,2038,2039,2040,2041,2042,2043,2044,2045,2046,2047,2048,2049,2050,2051,2052,2053,2054,2055,2056,2057,2058,2059,2060,2061,2062,2063,2064,2065,2066,2067,2068,2069,2070,2071,2072,2073,2074,2075,2076,2077,2078,2079,2080,2081,2082,2083,2084,2085,2086,2087,2088,2089,2090,2091,2092,2093,2094,2095,2096,2097,2098,2099,2100
0,351137,342796.0,336439.0,330568.0,325097.0,319853.0,315057.0,310705.0,306626.0,302934.0,299666.0,296643.0,293621.0,290315.0,286740.0,282941.0,279240.0,275437.0,271652.0,268102.0,264724.0,261365.0,257941.0,254513.0,251007.0,247300.0,243541.0,239823.0,235974.0,231892.0,227663.0,223256.0,218684.0,213856.0,209052.0,204535.0,200098.0,195816.0,191875.0,188048.0,184182.0,180419.0,176926.0,173835.0,171105.0,168685.0,166258.0,163906.0,161590.0,159291.0,157007.0,154732.0,152468.0,150200.0,147936.0,145675.0,143396.0,141106.0,138805.0,136508.0,134229.0,131978.0,129753.0,127556.0,125387.0,123246.0,121125.0,119029.0,116951.0,114903.0,112872.0,110877.0,108913.0,106971.0,105062.0,103188.0,101353.0,99562.0,97815.0,96120.0
1,353957,350224.0,341905.0,335564.0,329709.0,324252.0,319021.0,314238.0,309897.0,305829.0,302146.0,298887.0,295872.0,292858.0,289560.0,285994.0,282205.0,278514.0,274721.0,270946.0,267405.0,264036.0,260685.0,257270.0,253851.0,250354.0,246657.0,242908.0,239199.0,235360.0,231289.0,227071.0,222676.0,218115.0,213300.0,208508.0,204003.0,199578.0,195307.0,191376.0,187559.0,183703.0,179950.0,176466.0,173383.0,170660.0,168246.0,165826.0,163480.0,161170.0,158877.0,156599.0,154330.0,152072.0,149809.0,147551.0,145296.0,143023.0,140739.0,138444.0,136153.0,133880.0,131635.0,129416.0,127224.0,125061.0,122926.0,120810.0,118720.0,116647.0,114604.0,112579.0,110589.0,108630.0,106693.0,104789.0,102920.0,101089.0,99303.0,97561.0
2,374284,353913.0,350180.0,341862.0,335522.0,329668.0,324211.0,318981.0,314199.0,309858.0,305791.0,302108.0,298850.0,295835.0,292821.0,289524.0,285958.0,282170.0,278479.0,274687.0,270912.0,267371.0,264003.0,260652.0,257238.0,253819.0,250323.0,246626.0,242878.0,239169.0,235330.0,231260.0,227043.0,222648.0,218088.0,213273.0,208482.0,203977.0,199553.0,195283.0,191352.0,187535.0,183680.0,179927.0,176444.0,173361.0,170639.0,168225.0,165805.0,163460.0,161150.0,158857.0,156579.0,154311.0,152053.0,149790.0,147533.0,145278.0,143005.0,140721.0,138427.0,136136.0,133863.0,131618.0,129400.0,127208.0,125045.0,122911.0,120795.0,118705.0,116632.0,114590.0,112565.0,110575.0,108616.0,106680.0,104776.0,102907.0,101076.0,99291.0
3,396536,374237.0,353869.0,350136.0,341819.0,335480.0,329627.0,324170.0,318941.0,314160.0,309819.0,305753.0,302070.0,298813.0,295798.0,292784.0,289488.0,285922.0,282135.0,278444.0,274653.0,270878.0,267337.0,263970.0,260619.0,257206.0,253787.0,250292.0,246595.0,242848.0,239139.0,235301.0,231231.0,227015.0,222620.0,218061.0,213246.0,208456.0,203951.0,199528.0,195259.0,191328.0,187511.0,183657.0,179904.0,176422.0,173339.0,170618.0,168204.0,165784.0,163440.0,161130.0,158837.0,156559.0,154292.0,152034.0,149771.0,147515.0,145260.0,142987.0,140703.0,138410.0,136119.0,133846.0,131602.0,129384.0,127192.0,125029.0,122896.0,120780.0,118690.0,116617.0,114576.0,112551.0,110561.0,108602.0,106667.0,104763.0,102894.0,101063.0
4,421058,396486.0,374190.0,353825.0,350092.0,341776.0,335438.0,329586.0,324129.0,318901.0,314121.0,309780.0,305715.0,302032.0,298776.0,295761.0,292747.0,289452.0,285886.0,282100.0,278409.0,274619.0,270844.0,267303.0,263937.0,260586.0,257174.0,253755.0,250261.0,246564.0,242818.0,239109.0,235272.0,231202.0,226987.0,222592.0,218034.0,213219.0,208430.0,203925.0,199503.0,195235.0,191304.0,187487.0,183634.0,179881.0,176400.0,173317.0,170597.0,168183.0,165763.0,163420.0,161110.0,158817.0,156539.0,154273.0,152015.0,149752.0,147497.0,145242.0,142969.0,140685.0,138393.0,136102.0,133829.0,131586.0,129368.0,127176.0,125013.0,122881.0,120765.0,118675.0,116602.0,114562.0,112537.0,110547.0,108588.0,106654.0,104750.0,102881.0
5,438332,421005.0,396436.0,374143.0,353781.0,350048.0,341733.0,335396.0,329545.0,324088.0,318861.0,314082.0,309741.0,305677.0,301994.0,298739.0,295724.0,292710.0,289416.0,285850.0,282065.0,278374.0,274585.0,270810.0,267269.0,263904.0,260553.0,257142.0,253723.0,250230.0,246533.0,242788.0,239079.0,235243.0,231173.0,226959.0,222564.0,218007.0,213192.0,208404.0,203899.0,199478.0,195211.0,191280.0,187463.0,183611.0,179858.0,176378.0,173295.0,170576.0,168162.0,165742.0,163400.0,161090.0,158797.0,156519.0,154254.0,151996.0,149733.0,147479.0,145224.0,142951.0,140667.0,138376.0,136085.0,133812.0,131570.0,129352.0,127160.0,124997.0,122866.0,120750.0,118660.0,116587.0,114548.0,112523.0,110533.0,108574.0,106641.0,104737.0
6,447479,438306.0,420980.0,396412.0,374121.0,353760.0,350027.0,341712.0,335376.0,329525.0,324069.0,318842.0,314063.0,309722.0,305659.0,301976.0,298721.0,295706.0,292692.0,289399.0,285833.0,282048.0,278357.0,274569.0,270794.0,267253.0,263888.0,260537.0,257127.0,253708.0,250215.0,246518.0,242773.0,239065.0,235229.0,231159.0,226945.0,222551.0,217994.0,213179.0,208391.0,203887.0,199466.0,195199.0,191269.0,187452.0,183600.0,179847.0,176367.0,173285.0,170566.0,168152.0,165732.0,163390.0,161080.0,158787.0,156510.0,154245.0,151987.0,149724.0,147470.0,145215.0,142942.0,140659.0,138368.0,136077.0,133804.0,131562.0,129344.0,127152.0,124989.0,122859.0,120743.0,118653.0,116580.0,114541.0,112516.0,110526.0,108567.0,106635.0
7,448410,447452.0,438280.0,420955.0,396388.0,374099.0,353739.0,350006.0,341691.0,335356.0,329505.0,324050.0,318823.0,314044.0,309703.0,305641.0,301958.0,298703.0,295688.0,292674.0,289382.0,285816.0,282031.0,278340.0,274553.0,270778.0,267237.0,263872.0,260521.0,257112.0,253693.0,250200.0,246503.0,242758.0,239051.0,235215.0,231145.0,226931.0,222538.0,217981.0,213166.0,208378.0,203875.0,199454.0,195187.0,191258.0,187441.0,183589.0,179836.0,176356.0,173275.0,170556.0,168142.0,165722.0,163380.0,161070.0,158777.0,156501.0,154236.0,151978.0,149715.0,147461.0,145206.0,142933.0,140651.0,138360.0,136069.0,133796.0,131554.0,129336.0,127144.0,124981.0,122852.0,120736.0,118646.0,116573.0,114534.0,112509.0,110519.0,108560.0
8,457902,448383.0,447425.0,438254.0,420930.0,396364.0,374077.0,353718.0,349985.0,341670.0,335336.0,329485.0,324031.0,318804.0,314025.0,309684.0,305623.0,301940.0,298685.0,295670.0,292656.0,289365.0,285799.0,282014.0,278323.0,274537.0,270762.0,267221.0,263856.0,260505.0,257097.0,253678.0,250185.0,246488.0,242743.0,239037.0,235201.0,231131.0,226917.0,222525.0,217968.0,213153.0,208365.0,203863.0,199442.0,195175.0,191247.0,187430.0,183578.0,179825.0,176345.0,173265.0,170546.0,168132.0,165712.0,163370.0,161060.0,158767.0,156492.0,154227.0,151969.0,149706.0,147452.0,145197.0,142924.0,140643.0,138352.0,136061.0,133788.0,131546.0,129328.0,127136.0,124974.0,122845.0,120729.0,118639.0,116566.0,114527.0,112502.0,110512.0
9,478488,457875.0,448356.0,447398.0,438228.0,420905.0,396340.0,374055.0,353697.0,349964.0,341649.0,335316.0,329465.0,324012.0,318785.0,314006.0,309665.0,305605.0,301922.0,298667.0,295652.0,292638.0,289348.0,285782.0,281997.0,278306.0,274521.0,270746.0,267205.0,263840.0,260489.0,257082.0,253663.0,250170.0,246473.0,242728.0,239023.0,235187.0,231117.0,226903.0,222512.0,217955.0,213140.0,208352.0,203851.0,199430.0,195163.0,191236.0,187419.0,183567.0,179814.0,176334.0,173255.0,170536.0,168122.0,165702.0,163360.0,161050.0,158757.0,156483.0,154218.0,151960.0,149697.0,147443.0,145188.0,142915.0,140635.0,138344.0,136053.0,133780.0,131538.0,129320.0,127128.0,124967.0,122838.0,120722.0,118632.0,116559.0,114520.0,112495.0
10,489496,478459.0,457848.0,448329.0,447371.0,438202.0,420880.0,396316.0,374033.0,353676.0,349943.0,341628.0,335296.0,329445.0,323993.0,318766.0,313987.0,309646.0,305587.0,301904.0,298649.0,295634.0,292620.0,289331.0,285765.0,281980.0,278289.0,274505.0,270730.0,267189.0,263824.0,260473.0,257067.0,253648.0,250155.0,246458.0,242713.0,239009.0,235173.0,231103.0,226889.0,222499.0,217942.0,213127.0,208339.0,203839.0,199418.0,195151.0,191225.0,187408.0,183556.0,179803.0,176323.0,173245.0,170526.0,168112.0,165692.0,163350.0,161040.0,158747.0,156474.0,154209.0,151951.0,149688.0,147434.0,145179.0,142906.0,140627.0,138336.0,136045.0,133772.0,131530.0,129312.0,127120.0,124960.0,122831.0,120715.0,118625.0,116552.0,114513.0
11,496904,489457.0,478421.0,457811.0,448293.0,447335.0,438167.0,420846.0,396284.0,374003.0,353648.0,349915.0,341601.0,335269.0,329419.0,323967.0,318740.0,313962.0,309621.0,305563.0,301880.0,298625.0,295610.0,292597.0,289308.0,285742.0,281957.0,278267.0,274483.0,270708.0,267168.0,263803.0,260452.0,257046.0,253628.0,250135.0,246438.0,242694.0,238990.0,235154.0,231085.0,226871.0,222481.0,217925.0,213110.0,208322.0,203823.0,199402.0,195135.0,191210.0,187393.0,183541.0,179789.0,176309.0,173231.0,170512.0,168099.0,165679.0,163337.0,161027.0,158734.0,156461.0,154197.0,151939.0,149676.0,147422.0,145167.0,142895.0,140616.0,138325.0,136034.0,133761.0,131519.0,129302.0,127110.0,124950.0,122821.0,120705.0,118616.0,116543.0
12,515163,496864.0,489418.0,478383.0,457774.0,448257.0,447299.0,438132.0,420812.0,396252.0,373973.0,353620.0,349887.0,341574.0,335242.0,329393.0,323941.0,318714.0,313937.0,309596.0,305539.0,301856.0,298601.0,295586.0,292574.0,289285.0,285719.0,281934.0,278245.0,274461.0,270686.0,267147.0,263782.0,260431.0,257025.0,253608.0,250115.0,246418.0,242675.0,238971.0,235135.0,231067.0,226853.0,222463.0,217908.0,213093.0,208305.0,203807.0,199386.0,195119.0,191195.0,187378.0,183526.0,179775.0,176295.0,173217.0,170498.0,168086.0,165666.0,163324.0,161014.0,158721.0,156448.0,154185.0,151927.0,149664.0,147410.0,145155.0,142884.0,140605.0,138314.0,136023.0,133750.0,131508.0,129292.0,127100.0,124940.0,122811.0,120695.0,118607.0
13,519702,515122.0,496824.0,489379.0,478345.0,457737.0,448221.0,447263.0,438097.0,420778.0,396220.0,373943.0,353592.0,349859.0,341547.0,335215.0,329367.0,323915.0,318688.0,313912.0,309571.0,305515.0,301832.0,298577.0,295562.0,292551.0,289262.0,285696.0,281911.0,278223.0,274439.0,270664.0,267126.0,263761.0,260410.0,257004.0,253588.0,250095.0,246398.0,242656.0,238952.0,235116.0,231049.0,226835.0,222445.0,217891.0,213076.0,208288.0,203791.0,199370.0,195103.0,191180.0,187363.0,183511.0,179761.0,176281.0,173203.0,170484.0,168073.0,165653.0,163311.0,161001.0,158708.0,156435.0,154173.0,151915.0,149652.0,147398.0,145143.0,142873.0,140594.0,138303.0,136012.0,133739.0,131497.0,129282.0,127090.0,124930.0,122801.0,120685.0
14,510092,519660.0,515081.0,496784.0,489340.0,478307.0,457700.0,448185.0,447227.0,438062.0,420744.0,396188.0,373913.0,353564.0,349831.0,341520.0,335188.0,329341.0,323889.0,318663.0,313887.0,309546.0,305491.0,301808.0,298553.0,295538.0,292528.0,289239.0,285673.0,281888.0,278201.0,274417.0,270642.0,267105.0,263740.0,260389.0,256983.0,253568.0,250075.0,246378.0,242637.0,238933.0,235097.0,231031.0,226817.0,222427.0,217874.0,213059.0,208271.0,203775.0,199354.0,195087.0,191165.0,187348.0,183496.0,179747.0,176267.0,173189.0,170470.0,168060.0,165640.0,163298.0,160988.0,158695.0,156422.0,154161.0,151903.0,149640.0,147386.0,145131.0,142862.0,140583.0,138292.0,136001.0,133728.0,131486.0,129272.0,127080.0,124920.0,122791.0
15,504946,510051.0,519618.0,515040.0,496744.0,489301.0,478269.0,457663.0,448149.0,447191.0,438027.0,420710.0,396156.0,373883.0,353536.0,349803.0,341493.0,335161.0,329315.0,323863.0,318638.0,313862.0,309521.0,305467.0,301784.0,298529.0,295514.0,292505.0,289216.0,285650.0,281865.0,278179.0,274395.0,270620.0,267084.0,263719.0,260368.0,256962.0,253548.0,250055.0,246358.0,242618.0,238914.0,235078.0,231013.0,226799.0,222409.0,217857.0,213042.0,208254.0,203759.0,199338.0,195071.0,191150.0,187333.0,183481.0,179733.0,176253.0,173175.0,170456.0,168047.0,165627.0,163285.0,160975.0,158682.0,156409.0,154149.0,151891.0,149628.0,147374.0,145119.0,142851.0,140572.0,138281.0,135990.0,133717.0,131475.0,129262.0,127070.0,124910.0
16,499301,504865.0,509969.0,519535.0,514958.0,496664.0,489223.0,478192.0,457590.0,448077.0,447119.0,437957.0,420643.0,396093.0,373823.0,353479.0,349747.0,341438.0,335107.0,329262.0,323811.0,318587.0,313812.0,309471.0,305418.0,301736.0,298481.0,295467.0,292458.0,289170.0,285604.0,281820.0,278134.0,274351.0,270577.0,267041.0,263677.0,260326.0,256921.0,253507.0,250015.0,246319.0,242579.0,238876.0,235040.0,230976.0,226763.0,222373.0,217822.0,213008.0,208221.0,203726.0,199306.0,195040.0,191119.0,187303.0,183452.0,179704.0,176225.0,173147.0,170429.0,168020.0,165600.0,163259.0,160949.0,158657.0,156384.0,154124.0,151867.0,149604.0,147350.0,145096.0,142828.0,140550.0,138259.0,135968.0,133696.0,131454.0,129241.0,127050.0
17,494984,499221.0,504784.0,509887.0,519452.0,514876.0,496585.0,489145.0,478115.0,457517.0,448005.0,447047.0,437887.0,420576.0,396030.0,373763.0,353422.0,349691.0,341383.0,335053.0,329209.0,323759.0,318536.0,313762.0,309421.0,305369.0,301688.0,298433.0,295420.0,292411.0,289124.0,285558.0,281775.0,278089.0,274307.0,270534.0,266998.0,263635.0,260284.0,256880.0,253466.0,249975.0,246280.0,242540.0,238838.0,235002.0,230939.0,226727.0,222337.0,217787.0,212974.0,208188.0,203693.0,199274.0,195009.0,191088.0,187273.0,183423.0,179675.0,176197.0,173119.0,170402.0,167993.0,165573.0,163233.0,160923.0,158632.0,156359.0,154099.0,151843.0,149580.0,147326.0,145073.0,142805.0,140528.0,138237.0,135946.0,133675.0,131433.0,129220.0
18,485818,494905.0,499141.0,504703.0,509805.0,519369.0,514794.0,496506.0,489067.0,478038.0,457444.0,447933.0,446975.0,437817.0,420509.0,395967.0,373703.0,353365.0,349635.0,341328.0,334999.0,329156.0,323707.0,318485.0,313712.0,309371.0,305320.0,301640.0,298385.0,295373.0,292364.0,289078.0,285512.0,281730.0,278044.0,274263.0,270491.0,266955.0,263593.0,260242.0,256839.0,253425.0,249935.0,246241.0,242501.0,238800.0,234964.0,230902.0,226691.0,222301.0,217752.0,212940.0,208155.0,203660.0,199242.0,194978.0,191057.0,187243.0,183394.0,179646.0,176169.0,173091.0,170375.0,167966.0,165546.0,163207.0,160897.0,158607.0,156334.0,154074.0,151819.0,149556.0,147302.0,145050.0,142782.0,140506.0,138215.0,135924.0,133654.0,131412.0
19,481968,485740.0,494826.0,499061.0,504622.0,509723.0,519286.0,514712.0,496427.0,488989.0,477961.0,457371.0,447861.0,446903.0,437747.0,420442.0,395904.0,373643.0,353308.0,349579.0,341273.0,334945.0,329103.0,323655.0,318434.0,313662.0,309321.0,305271.0,301592.0,298337.0,295326.0,292317.0,289032.0,285466.0,281685.0,277999.0,274219.0,270448.0,266912.0,263551.0,260200.0,256798.0,253384.0,249895.0,246202.0,242462.0,238762.0,234926.0,230865.0,226655.0,222265.0,217717.0,212906.0,208122.0,203627.0,199210.0,194947.0,191026.0,187213.0,183365.0,179617.0,176141.0,173063.0,170348.0,167939.0,165520.0,163181.0,160871.0,158582.0,156309.0,154049.0,151795.0,149532.0,147278.0,145027.0,142759.0,140484.0,138193.0,135902.0,133633.0
20,487072,481891.0,485662.0,494747.0,498981.0,504541.0,509641.0,519203.0,514630.0,496348.0,488911.0,477885.0,457298.0,447789.0,446831.0,437677.0,420375.0,395841.0,373583.0,353251.0,349523.0,341218.0,334891.0,329050.0,323603.0,318383.0,313612.0,309271.0,305222.0,301544.0,298289.0,295279.0,292270.0,288986.0,285420.0,281640.0,277955.0,274175.0,270405.0,266869.0,263509.0,260158.0,256757.0,253343.0,249855.0,246163.0,242423.0,238724.0,234888.0,230828.0,226619.0,222229.0,217682.0,212872.0,208089.0,203594.0,199178.0,194916.0,190995.0,187183.0,183336.0,179588.0,176113.0,173035.0,170321.0,167912.0,165494.0,163155.0,160845.0,158557.0,156284.0,154024.0,151771.0,149508.0,147254.0,145004.0,142736.0,140462.0,138171.0,135880.0
21,487107,486945.0,481766.0,485536.0,494618.0,498851.0,504410.0,509508.0,519068.0,514496.0,496219.0,488784.0,477761.0,457179.0,447673.0,446715.0,437563.0,420266.0,395738.0,373486.0,353159.0,349432.0,341129.0,334804.0,328964.0,323519.0,318300.0,313530.0,309191.0,305143.0,301466.0,298211.0,295202.0,292194.0,288911.0,285346.0,281567.0,277883.0,274104.0,270335.0,266800.0,263440.0,260090.0,256690.0,253277.0,249790.0,246099.0,242360.0,238662.0,234827.0,230768.0,226560.0,222171.0,217625.0,212817.0,208035.0,203541.0,199126.0,194865.0,190945.0,187134.0,183288.0,179541.0,176067.0,172990.0,170277.0,167868.0,165451.0,163113.0,160803.0,158516.0,156243.0,153984.0,151732.0,149469.0,147216.0,144966.0,142699.0,140425.0,138135.0
22,480343,486980.0,486818.0,481641.0,485410.0,494489.0,498721.0,504279.0,509375.0,518933.0,514362.0,496090.0,488657.0,477637.0,457060.0,447557.0,446599.0,437449.0,420157.0,395635.0,373389.0,353067.0,349341.0,341040.0,334717.0,328878.0,323435.0,318217.0,313448.0,309111.0,305064.0,301388.0,298133.0,295125.0,292118.0,288836.0,285272.0,281494.0,277811.0,274033.0,270265.0,266731.0,263371.0,260022.0,256623.0,253211.0,249725.0,246035.0,242297.0,238600.0,234766.0,230708.0,226501.0,222113.0,217568.0,212762.0,207981.0,203488.0,199074.0,194814.0,190895.0,187085.0,183240.0,179494.0,176021.0,172945.0,170233.0,167824.0,165408.0,163071.0,160761.0,158475.0,156202.0,153944.0,151693.0,149430.0,147178.0,144928.0,142662.0,140388.0
23,480408,480218.0,486853.0,486691.0,481516.0,485284.0,494360.0,498591.0,504148.0,509242.0,518798.0,514228.0,495961.0,488530.0,477513.0,456941.0,447441.0,446483.0,437335.0,420048.0,395532.0,373292.0,352975.0,349250.0,340951.0,334630.0,328792.0,323351.0,318134.0,313366.0,309031.0,304985.0,301310.0,298055.0,295048.0,292042.0,288761.0,285198.0,281421.0,277739.0,273962.0,270195.0,266662.0,263302.0,259954.0,256556.0,253145.0,249660.0,245971.0,242234.0,238538.0,234705.0,230648.0,226442.0,222055.0,217511.0,212707.0,207927.0,203435.0,199022.0,194763.0,190845.0,187036.0,183192.0,179447.0,175975.0,172900.0,170189.0,167780.0,165365.0,163029.0,160719.0,158434.0,156161.0,153904.0,151654.0,149391.0,147140.0,144890.0,142625.0
24,484376,480283.0,480093.0,486726.0,486564.0,481391.0,485158.0,494231.0,498461.0,504017.0,509110.0,518663.0,514094.0,495832.0,488403.0,477389.0,456822.0,447325.0,446367.0,437221.0,419939.0,395429.0,373195.0,352883.0,349159.0,340862.0,334543.0,328706.0,323267.0,318051.0,313284.0,308951.0,304906.0,301232.0,297977.0,294971.0,291966.0,288686.0,285124.0,281348.0,277667.0,273891.0,270125.0,266593.0,263234.0,259886.0,256489.0,253079.0,249595.0,245907.0,242171.0,238476.0,234644.0,230588.0,226383.0,221997.0,217454.0,212652.0,207873.0,203382.0,198970.0,194712.0,190795.0,186987.0,183144.0,179400.0,175929.0,172855.0,170145.0,167736.0,165322.0,162987.0,160677.0,158393.0,156120.0,153864.0,151615.0,149352.0,147102.0,144852.0
25,485624,484250.0,480158.0,479968.0,486599.0,486437.0,481266.0,485032.0,494102.0,498331.0,503886.0,508978.0,518528.0,513960.0,495703.0,488276.0,477265.0,456703.0,447209.0,446251.0,437107.0,419830.0,395326.0,373098.0,352791.0,349068.0,340773.0,334456.0,328620.0,323183.0,317968.0,313203.0,308871.0,304827.0,301154.0,297899.0,294894.0,291890.0,288611.0,285050.0,281275.0,277595.0,273820.0,270055.0,266524.0,263166.0,259818.0,256422.0,253013.0,249530.0,245843.0,242108.0,238414.0,234583.0,230528.0,226324.0,221939.0,217397.0,212597.0,207819.0,203329.0,198918.0,194661.0,190745.0,186938.0,183096.0,179353.0,175883.0,172810.0,170101.0,167692.0,165279.0,162945.0,160635.0,158352.0,156079.0,153824.0,151576.0,149313.0,147064.0
26,491606,485047.0,483675.0,479587.0,479398.0,486021.0,485859.0,480694.0,484456.0,493515.0,497739.0,503287.0,508373.0,517912.0,513349.0,495114.0,487696.0,476698.0,456160.0,446678.0,445721.0,436588.0,419331.0,394856.0,372655.0,352372.0,348653.0,340368.0,334059.0,328229.0,322799.0,317590.0,312831.0,308504.0,304465.0,300796.0,297545.0,294544.0,291543.0,288268.0,284711.0,280941.0,277265.0,273495.0,269734.0,266207.0,262853.0,259509.0,256117.0,252712.0,249233.0,245551.0,241820.0,238131.0,234304.0,230254.0,226055.0,221675.0,217139.0,212344.0,207572.0,203087.0,198682.0,194430.0,190518.0,186716.0,182878.0,179140.0,175674.0,172605.0,169899.0,167493.0,165083.0,162751.0,160444.0,158164.0,155894.0,153641.0,151396.0,149136.0
27,505410,490993.0,484442.0,483072.0,478989.0,478800.0,485415.0,485253.0,480095.0,483852.0,492900.0,497119.0,502660.0,507739.0,517266.0,512709.0,494497.0,487088.0,476104.0,455591.0,446121.0,445165.0,436044.0,418808.0,394364.0,372191.0,351933.0,348218.0,339944.0,333643.0,327820.0,322397.0,317194.0,312441.0,308119.0,304086.0,300421.0,297174.0,294177.0,291180.0,287909.0,284356.0,280591.0,276919.0,273154.0,269398.0,265875.0,262525.0,259186.0,255798.0,252397.0,248922.0,245245.0,241519.0,237834.0,234012.0,229967.0,225773.0,221399.0,216868.0,212079.0,207313.0,202834.0,198434.0,194188.0,190281.0,186483.0,182650.0,178917.0,175455.0,172390.0,169687.0,167284.0,164877.0,162548.0,160244.0,157967.0,155700.0,153450.0,151207.0
28,522598,504751.0,490353.0,483810.0,482442.0,478364.0,478175.0,484782.0,484620.0,479469.0,483221.0,492257.0,496471.0,502004.0,507077.0,516591.0,512040.0,493852.0,486453.0,475483.0,454997.0,445539.0,444584.0,435475.0,418262.0,393850.0,371706.0,351474.0,347764.0,339501.0,333208.0,327392.0,321976.0,316780.0,312033.0,307717.0,303689.0,300029.0,296786.0,293793.0,290800.0,287533.0,283985.0,280225.0,276558.0,272798.0,269047.0,265528.0,262183.0,258848.0,255464.0,252068.0,248597.0,244925.0,241204.0,237524.0,233707.0,229667.0,225479.0,221110.0,216585.0,211802.0,207043.0,202569.0,198175.0,193935.0,190033.0,186240.0,182412.0,178684.0,175226.0,172165.0,169466.0,167066.0,164662.0,162336.0,160035.0,157761.0,155497.0,153250.0
29,529148,521886.0,504063.0,489685.0,483151.0,481785.0,477712.0,477524.0,484122.0,483960.0,478816.0,482563.0,491586.0,495795.0,501320.0,506386.0,515887.0,511342.0,493179.0,485790.0,474835.0,454377.0,444932.0,443978.0,434882.0,417692.0,393313.0,371200.0,350995.0,347290.0,339038.0,332754.0,326946.0,321537.0,316348.0,311608.0,307298.0,303275.0,299620.0,296382.0,293393.0,290404.0,287141.0,283598.0,279843.0,276181.0,272426.0,268680.0,265166.0,261826.0,258495.0,255116.0,251725.0,248258.0,244591.0,240875.0,237200.0,233389.0,229354.0,225172.0,220809.0,216290.0,211513.0,206761.0,202293.0,197905.0,193671.0,189774.0,185986.0,182163.0,178441.0,174987.0,171930.0,169235.0,166838.0,164438.0,162115.0,159817.0,157546.0,155285.0
30,531698,528396.0,521145.0,503347.0,488990.0,482465.0,481101.0,477034.0,476846.0,483434.0,483273.0,478136.0,481878.0,490888.0,495091.0,500608.0,505667.0,515154.0,510616.0,492479.0,485100.0,474161.0,453732.0,444300.0,443347.0,434264.0,417099.0,392754.0,370673.0,350496.0,346797.0,338556.0,332281.0,326482.0,321080.0,315899.0,311165.0,306862.0,302844.0,299194.0,295961.0,292976.0,289992.0,286733.0,283195.0,279446.0,275789.0,272039.0,268298.0,264789.0,261454.0,258128.0,254754.0,251367.0,247905.0,244244.0,240533.0,236863.0,233058.0,229028.0,224852.0,220495.0,215983.0,211213.0,206467.0,202006.0,197624.0,193396.0,189504.0,185722.0,181904.0,178188.0,174738.0,171686.0,168995.0,166601.0,164204.0,161885.0,159590.0,157322.0
31,539556,530912.0,527615.0,520375.0,502603.0,488267.0,481752.0,480390.0,476329.0,476141.0,482719.0,482559.0,477429.0,481166.0,490162.0,494359.0,499868.0,504919.0,514392.0,509861.0,491751.0,484383.0,473460.0,453061.0,443643.0,442692.0,433622.0,416482.0,392173.0,370125.0,349978.0,346284.0,338056.0,331790.0,325999.0,320605.0,315432.0,310705.0,306408.0,302396.0,298752.0,295523.0,292543.0,289563.0,286309.0,282776.0,279033.0,275381.0,271637.0,267901.0,264398.0,261068.0,257746.0,254377.0,250995.0,247539.0,243883.0,240177.0,236513.0,232713.0,228689.0,224520.0,220169.0,215664.0,210901.0,206162.0,201707.0,197332.0,193110.0,189224.0,185447.0,181635.0,177925.0,174480.0,171432.0,168745.0,166355.0,163961.0,161646.0,159354.0
32,548047,538727.0,530096.0,526804.0,519576.0,501831.0,487517.0,481012.0,479652.0,475597.0,475410.0,481977.0,481818.0,476696.0,480427.0,489409.0,493600.0,499100.0,504143.0,513602.0,509078.0,490996.0,483639.0,472733.0,452365.0,442961.0,442012.0,432956.0,415842.0,391571.0,369556.0,349440.0,345752.0,337537.0,331280.0,325498.0,320112.0,314947.0,310228.0,305937.0,301931.0,298293.0,295069.0,292094.0,289118.0,285869.0,282342.0,278604.0,274958.0,271220.0,267489.0,263992.0,260667.0,257350.0,253986.0,250609.0,247159.0,243508.0,239808.0,236150.0,232356.0,228338.0,224175.0,219831.0,215333.0,210577.0,205845.0,201397.0,197029.0,192813.0,188933.0,185162.0,181356.0,177652.0,174212.0,171169.0,168486.0,166099.0,163709.0,161398.0
33,555889,547173.0,537868.0,529251.0,525964.0,518748.0,501031.0,486740.0,480245.0,478887.0,474839.0,474652.0,481209.0,481050.0,475936.0,479661.0,488629.0,492813.0,498304.0,503339.0,512783.0,508266.0,490213.0,482868.0,471979.0,451644.0,442255.0,441307.0,432266.0,415179.0,390947.0,368967.0,348883.0,345201.0,336999.0,330752.0,324979.0,319602.0,314445.0,309733.0,305449.0,301450.0,297817.0,294599.0,291628.0,288657.0,285413.0,281892.0,278160.0,274520.0,270788.0,267063.0,263571.0,260251.0,256940.0,253581.0,250209.0,246765.0,243120.0,239426.0,235774.0,231986.0,227974.0,223818.0,219481.0,214990.0,210241.0,205517.0,201076.0,196715.0,192506.0,188632.0,184867.0,181067.0,177369.0,173934.0,170896.0,168217.0,165834.0,163448.0
34,565764,554971.0,546269.0,536979.0,528377.0,525095.0,517891.0,500203.0,485936.0,479452.0,478096.0,474054.0,473868.0,480414.0,480255.0,475150.0,478869.0,487822.0,491999.0,497481.0,502507.0,511936.0,507426.0,489403.0,482070.0,471199.0,450898.0,441524.0,440578.0,431552.0,414493.0,390301.0,368357.0,348307.0,344631.0,336442.0,330206.0,324442.0,319074.0,313925.0,309221.0,304944.0,300952.0,297325.0,294112.0,291146.0,288180.0,284941.0,281426.0,277700.0,274066.0,270341.0,266622.0,263136.0,259821.0,256515.0,253162.0,249796.0,246357.0,242718.0,239030.0,235384.0,231603.0,227597.0,223448.0,219118.0,214635.0,209894.0,205177.0,200744.0,196390.0,192188.0,188320.0,184562.0,180768.0,177076.0,173647.0,170614.0,167939.0,165560.0
35,581890,564796.0,554022.0,545335.0,536061.0,527473.0,524197.0,517005.0,499348.0,485105.0,478632.0,477278.0,473243.0,473058.0,479592.0,479434.0,474337.0,478050.0,486988.0,491158.0,496630.0,501648.0,511061.0,506558.0,488566.0,481246.0,470393.0,450127.0,440769.0,439825.0,430814.0,413784.0,389634.0,367727.0,347711.0,344042.0,335867.0,329641.0,323887.0,318528.0,313388.0,308692.0,304423.0,300437.0,296817.0,293609.0,290648.0,287687.0,284454.0,280945.0,277225.0,273597.0,269879.0,266166.0,262686.0,259377.0,256076.0,252729.0,249369.0,245936.0,242303.0,238621.0,234981.0,231207.0,227208.0,223066.0,218743.0,214268.0,209535.0,204826.0,200401.0,196054.0,191859.0,187998.0,184246.0,180459.0,176773.0,173350.0,170322.0,167652.0
36,602660,580861.0,563797.0,553042.0,544371.0,535113.0,526540.0,523270.0,516091.0,498465.0,484247.0,477786.0,476434.0,472406.0,472222.0,478744.0,478586.0,473498.0,477205.0,486127.0,490290.0,495752.0,500761.0,510157.0,505662.0,487702.0,480395.0,469561.0,449331.0,439990.0,439047.0,430052.0,413052.0,388945.0,367077.0,347096.0,343434.0,335273.0,329058.0,323314.0,317965.0,312834.0,308146.0,303885.0,299906.0,296292.0,293090.0,290134.0,287178.0,283951.0,280448.0,276735.0,273113.0,269402.0,265695.0,262222.0,258918.0,255623.0,252282.0,248928.0,245501.0,241875.0,238199.0,234566.0,230798.0,226806.0,222672.0,218356.0,213889.0,209165.0,204464.0,200047.0,195707.0,191520.0,187666.0,183920.0,180140.0,176460.0,173043.0,170021.0
37,623749,601559.0,579800.0,562767.0,552032.0,543377.0,534136.0,525578.0,522314.0,515149.0,497555.0,483363.0,476914.0,475564.0,471543.0,471360.0,477870.0,477712.0,472633.0,476334.0,485239.0,489395.0,494847.0,499847.0,509225.0,504739.0,486811.0,479518.0,468704.0,448510.0,439187.0,438245.0,429267.0,412298.0,388235.0,366407.0,346462.0,342807.0,334661.0,328457.0,322724.0,317384.0,312263.0,307583.0,303330.0,299358.0,295751.0,292555.0,289604.0,286654.0,283432.0,279936.0,276230.0,272614.0,268910.0,265210.0,261743.0,258445.0,255156.0,251821.0,248473.0,245053.0,241433.0,237764.0,234138.0,230377.0,226392.0,222265.0,217957.0,213498.0,208783.0,204091.0,199682.0,195350.0,191170.0,187323.0,183584.0,179811.0,176138.0,172727.0
38,651602,622574.0,600426.0,578708.0,561707.0,550992.0,542353.0,533130.0,524588.0,521330.0,514178.0,496618.0,482452.0,476015.0,474668.0,470655.0,470472.0,476970.0,476812.0,471743.0,475437.0,484325.0,488473.0,493915.0,498905.0,508266.0,503788.0,485894.0,478615.0,467821.0,447665.0,438360.0,437419.0,428458.0,411521.0,387504.0,365717.0,345809.0,342161.0,334030.0,327838.0,322116.0,316786.0,311675.0,307003.0,302759.0,298794.0,295194.0,292004.0,289058.0,286114.0,282898.0,279409.0,275710.0,272100.0,268403.0,264710.0,261250.0,257958.0,254675.0,251347.0,248005.0,244591.0,240978.0,237316.0,233697.0,229943.0,225965.0,221846.0,217546.0,213096.0,208390.0,203706.0,199306.0,194982.0,190810.0,186970.0,183238.0,179472.0,175806.0
39,684444,650337.0,621365.0,599260.0,577584.0,560616.0,549922.0,541300.0,532095.0,523569.0,520318.0,513179.0,495654.0,481515.0,475091.0,473746.0,469741.0,469558.0,476044.0,475886.0,470827.0,474514.0,483384.0,487524.0,492956.0,497936.0,507279.0,502810.0,484950.0,477686.0,466912.0,446796.0,437509.0,436570.0,427626.0,410722.0,386751.0,365007.0,345137.0,341497.0,333381.0,327201.0,321490.0,316171.0,311070.0,306407.0,302171.0,298214.0,294621.0,291437.0,288497.0,285558.0,282349.0,278866.0,275175.0,271572.0,267882.0,264196.0,260743.0,257457.0,254180.0,250859.0,247523.0,244116.0,240510.0,236855.0,233243.0,229496.0,225526.0,221415.0,217124.0,212682.0,207985.0,203310.0,198919.0,194603.0,190439.0,186607.0,182882.0,179123.0
40,716274,683075.0,649036.0,620122.0,598061.0,576429.0,559495.0,548822.0,540217.0,531031.0,522522.0,519277.0,512153.0,494663.0,480552.0,474141.0,472799.0,468802.0,468619.0,475092.0,474934.0,469885.0,473565.0,482417.0,486549.0,491970.0,496940.0,506264.0,501804.0,483980.0,476731.0,465978.0,445902.0,436634.0,435697.0,426771.0,409901.0,385978.0,364277.0,344447.0,340814.0,332714.0,326547.0,320847.0,315539.0,310448.0,305794.0,301567.0,297618.0,294032.0,290854.0,287920.0,284987.0,281784.0,278308.0,274625.0,271029.0,267346.0,263668.0,260222.0,256942.0,253672.0,250357.0,247028.0,243628.0,240029.0,236381.0,232777.0,229037.0,225075.0,220972.0,216690.0,212257.0,207569.0,202903.0,198521.0,194214.0,190058.0,186234.0,182516.0
41,744226,714800.0,681669.0,647700.0,618846.0,596830.0,575243.0,558344.0,547693.0,539105.0,529938.0,521447.0,518208.0,511099.0,493645.0,479563.0,473165.0,471826.0,467837.0,467655.0,474114.0,473957.0,468918.0,472590.0,481424.0,485548.0,490958.0,495917.0,505222.0,500771.0,482984.0,475750.0,465019.0,444984.0,435735.0,434800.0,425893.0,409057.0,385184.0,363527.0,343738.0,340113.0,332029.0,325875.0,320187.0,314890.0,309809.0,305165.0,300946.0,297006.0,293427.0,290255.0,287327.0,284401.0,281204.0,277735.0,274060.0,270471.0,266796.0,263125.0,259686.0,256413.0,253150.0,249842.0,246520.0,243127.0,239535.0,235895.0,232298.0,228566.0,224612.0,220517.0,216244.0,211820.0,207142.0,202485.0,198112.0,193814.0,189667.0,185851.0
42,772202,742651.0,713288.0,680227.0,646330.0,617537.0,595567.0,574026.0,557163.0,546534.0,537964.0,528817.0,520344.0,517112.0,510018.0,492600.0,478548.0,472164.0,470828.0,466847.0,466665.0,473111.0,472954.0,467926.0,471590.0,480405.0,484521.0,489919.0,494868.0,504153.0,499711.0,481962.0,474743.0,464035.0,444042.0,434813.0,433880.0,424992.0,408191.0,384369.0,362758.0,343011.0,339393.0,331326.0,325185.0,319510.0,314224.0,309153.0,304519.0,300309.0,296378.0,292806.0,289641.0,286719.0,283799.0,280609.0,277147.0,273480.0,269899.0,266231.0,262568.0,259137.0,255870.0,252614.0,249313.0,245998.0,242613.0,239028.0,235396.0,231806.0,228082.0,224137.0,220050.0,215786.0,211372.0,206704.0,202057.0,197693.0,193404.0,189266.0
43,794375,770523.0,741037.0,711737.0,678748.0,644925.0,616195.0,594272.0,572778.0,555952.0,545346.0,536795.0,527667.0,519213.0,515988.0,508909.0,491529.0,477508.0,471138.0,469804.0,465832.0,465651.0,472083.0,471926.0,466909.0,470565.0,479361.0,483468.0,488854.0,493792.0,503057.0,498625.0,480914.0,473711.0,463026.0,443077.0,433868.0,432937.0,424068.0,407304.0,383533.0,361969.0,342265.0,338655.0,330606.0,324478.0,318815.0,313541.0,308481.0,303857.0,299656.0,295734.0,292169.0,289011.0,286096.0,283182.0,279999.0,276545.0,272885.0,269312.0,265652.0,261997.0,258574.0,255314.0,252065.0,248771.0,245463.0,242086.0,238508.0,234884.0,231302.0,227586.0,223650.0,219572.0,215317.0,210912.0,206255.0,201618.0,197263.0,192984.0
44,806764,792602.0,768803.0,739383.0,710148.0,677233.0,643486.0,614820.0,592946.0,571500.0,554711.0,544129.0,535597.0,526489.0,518054.0,514836.0,507773.0,490432.0,476442.0,470086.0,468755.0,464792.0,464612.0,471029.0,470873.0,465867.0,469515.0,478291.0,482389.0,487763.0,492690.0,501934.0,497512.0,479841.0,472654.0,461993.0,442088.0,432900.0,431971.0,423122.0,406395.0,382677.0,361161.0,341501.0,337899.0,329868.0,323754.0,318103.0,312841.0,307793.0,303179.0,298987.0,295074.0,291517.0,288366.0,285457.0,282550.0,279374.0,275928.0,272276.0,268711.0,265059.0,261412.0,257997.0,254744.0,251502.0,248216.0,244915.0,241546.0,237976.0,234360.0,230786.0,227078.0,223151.0,219082.0,214836.0,210441.0,205795.0,201168.0,196823.0
45,810778,804917.0,790787.0,767043.0,737690.0,708522.0,675682.0,642013.0,613412.0,591588.0,570191.0,553441.0,542883.0,534371.0,525283.0,516868.0,513657.0,506610.0,489309.0,475351.0,469010.0,467682.0,463728.0,463548.0,469950.0,469795.0,464800.0,468440.0,477196.0,481284.0,486646.0,491562.0,500785.0,496373.0,478742.0,471572.0,460935.0,441076.0,431909.0,430982.0,422153.0,405464.0,381801.0,360334.0,340719.0,337125.0,329113.0,323013.0,317375.0,312125.0,307088.0,302485.0,298302.0,294398.0,290849.0,287706.0,284803.0,281903.0,278734.0,275296.0,271653.0,268096.0,264452.0,260813.0,257406.0,254161.0,250926.0,247648.0,244354.0,240993.0,237431.0,233823.0,230258.0,226558.0,222640.0,218580.0,214344.0,209959.0,205324.0,200707.0
46,804579,808874.0,803027.0,788930.0,765242.0,735958.0,706859.0,674096.0,640506.0,611972.0,590199.0,568852.0,552142.0,541608.0,533116.0,524050.0,515654.0,512451.0,505421.0,488160.0,474235.0,467909.0,466584.0,462639.0,462460.0,468847.0,468692.0,463709.0,467340.0,476076.0,480154.0,485503.0,490408.0,499609.0,495208.0,477618.0,470465.0,459853.0,440040.0,430895.0,429970.0,421162.0,404512.0,380905.0,359488.0,339919.0,336333.0,328340.0,322255.0,316630.0,311392.0,306367.0,301775.0,297602.0,293707.0,290166.0,287031.0,284134.0,281241.0,278080.0,274650.0,271015.0,267467.0,263831.0,260201.0,256802.0,253564.0,250337.0,247067.0,243780.0,240427.0,236874.0,233274.0,229717.0,226026.0,222117.0,218067.0,213841.0,209466.0,204842.0
47,791669,802643.0,806928.0,801095.0,787032.0,763401.0,734187.0,705158.0,672474.0,638965.0,610500.0,588779.0,567483.0,550814.0,540305.0,531833.0,522789.0,514413.0,511218.0,504205.0,486986.0,473094.0,466783.0,465462.0,461526.0,461347.0,467719.0,467564.0,462593.0,466216.0,474931.0,478999.0,484335.0,489228.0,498407.0,494017.0,476469.0,469333.0,458747.0,438981.0,429858.0,428936.0,420149.0,403539.0,379989.0,358623.0,339101.0,335524.0,327550.0,321480.0,315868.0,310643.0,305630.0,301049.0,296886.0,293000.0,289468.0,286340.0,283450.0,280564.0,277411.0,273989.0,270363.0,266824.0,263196.0,259575.0,256184.0,252954.0,249735.0,246473.0,243194.0,239849.0,236304.0,232713.0,229164.0,225482.0,221583.0,217542.0,213327.0,208962.0
48,779818,789719.0,800665.0,804940.0,799121.0,785093.0,761520.0,732378.0,703421.0,670817.0,637391.0,608996.0,587328.0,566085.0,549457.0,538974.0,530523.0,521501.0,513146.0,509958.0,502963.0,485786.0,471928.0,465633.0,464315.0,460389.0,460210.0,466567.0,466412.0,461453.0,465067.0,473761.0,477819.0,483142.0,488023.0,497179.0,492800.0,475295.0,468177.0,457617.0,437899.0,428799.0,427879.0,419114.0,402545.0,379053.0,357739.0,338266.0,334697.0,326743.0,320688.0,315090.0,309878.0,304877.0,300307.0,296155.0,292278.0,288755.0,285635.0,282752.0,279873.0,276728.0,273314.0,269697.0,266167.0,262548.0,258935.0,255553.0,252331.0,249120.0,245866.0,242595.0,239258.0,235722.0,232140.0,228599.0,224926.0,221037.0,217006.0,212801.0
49,771574,777852.0,787728.0,798646.0,802910.0,797106.0,783113.0,759600.0,730531.0,701647.0,669125.0,635784.0,607460.0,585847.0,564657.0,548071.0,537615.0,529185.0,520186.0,511852.0,508672.0,501695.0,484561.0,470738.0,464459.0,463144.0,459228.0,459049.0,465390.0,465236.0,460289.0,463894.0,472566.0,476614.0,481924.0,486792.0,495925.0,491557.0,474096.0,466996.0,456463.0,436795.0,427718.0,426800.0,418057.0,401530.0,378097.0,356837.0,337413.0,333853.0,325919.0,319879.0,314295.0,309097.0,304108.0,299550.0,295408.0,291541.0,288027.0,284915.0,282039.0,279167.0,276030.0,272625.0,269017.0,265496.0,261886.0,258282.0,254909.0,251695.0,248492.0,245246.0,241983.0,238655.0,235128.0,231555.0,228023.0,224359.0,220480.0,216459.0
50,759442,769584.0,775845.0,785696.0,796586.0,800839.0,795050.0,781093.0,757640.0,728646.0,699837.0,667399.0,634144.0,605893.0,584336.0,563200.0,546657.0,536228.0,527820.0,518844.0,510532.0,507360.0,500401.0,483311.0,469524.0,463261.0,461949.0,458043.0,457865.0,464189.0,464036.0,459102.0,462697.0,471347.0,475384.0,480681.0,485536.0,494646.0,490289.0,472873.0,465791.0,455285.0,435668.0,426615.0,425699.0,416979.0,400494.0,377122.0,355916.0,336543.0,332992.0,325078.0,319054.0,313484.0,308300.0,303323.0,298777.0,294646.0,290789.0,287284.0,284180.0,281311.0,278447.0,275318.0,271922.0,268323.0,264811.0,261210.0,257616.0,254251.0,251046.0,247851.0,244613.0,241359.0,238039.0,234521.0,230958.0,227435.0,223780.0,219911.0
51,749470,757439.0,767554.0,773799.0,783624.0,794485.0,798727.0,792953.0,779033.0,755642.0,726724.0,697991.0,665639.0,632471.0,604295.0,582795.0,561714.0,545215.0,534814.0,526428.0,517475.0,509185.0,506022.0,499081.0,482036.0,468286.0,462039.0,460731.0,456835.0,456657.0,462965.0,462812.0,457891.0,461477.0,470104.0,474130.0,479413.0,484255.0,493341.0,488996.0,471626.0,464562.0,454084.0,434519.0,425490.0,424576.0,415879.0,399438.0,376127.0,354977.0,335655.0,332114.0,324221.0,318212.0,312657.0,307487.0,302523.0,297989.0,293869.0,290022.0,286526.0,283430.0,280569.0,277713.0,274592.0,271205.0,267615.0,264113.0,260521.0,256936.0,253580.0,250384.0,247197.0,243968.0,240722.0,237411.0,233902.0,230349.0,226835.0,223190.0
52,741554,747450.0,755397.0,765485.0,771713.0,781512.0,792343.0,796574.0,790815.0,776933.0,753605.0,724765.0,696109.0,663845.0,630766.0,602666.0,581224.0,560200.0,543745.0,533372.0,525009.0,516080.0,507812.0,504658.0,497736.0,480737.0,467024.0,460794.0,459489.0,455604.0,455426.0,461717.0,461564.0,456657.0,460233.0,468837.0,472852.0,478121.0,482950.0,492011.0,487678.0,470355.0,463310.0,452860.0,433348.0,424343.0,423431.0,414758.0,398361.0,375113.0,354020.0,334750.0,331219.0,323347.0,317354.0,311814.0,306658.0,301708.0,297186.0,293077.0,289240.0,285754.0,282666.0,279813.0,276964.0,273852.0,270474.0,266894.0,263401.0,259819.0,256243.0,252896.0,249709.0,246531.0,243310.0,240073.0,236771.0,233271.0,229728.0,226224.0
53,739328,739512.0,745392.0,753317.0,763377.0,769588.0,779360.0,790161.0,794381.0,788637.0,774794.0,751530.0,722769.0,694192.0,662017.0,629029.0,601006.0,579624.0,558657.0,542248.0,531903.0,523563.0,514659.0,506414.0,503268.0,496365.0,479413.0,465738.0,459525.0,458224.0,454349.0,454172.0,460446.0,460293.0,455400.0,458966.0,467546.0,471550.0,476804.0,481620.0,490656.0,486335.0,469060.0,462034.0,451613.0,432155.0,423175.0,422265.0,413616.0,397264.0,374080.0,353045.0,333828.0,330307.0,322457.0,316480.0,310955.0,305814.0,300877.0,296368.0,292270.0,288444.0,284967.0,281888.0,279043.0,276201.0,273098.0,269729.0,266159.0,262676.0,259104.0,255537.0,252200.0,249021.0,245852.0,242640.0,239412.0,236119.0,232629.0,229095.0
54,731032,737249.0,737433.0,743296.0,751199.0,761231.0,767424.0,777169.0,787939.0,792148.0,786420.0,772616.0,749417.0,720737.0,692240.0,660156.0,627260.0,599316.0,577994.0,557086.0,540723.0,530408.0,522091.0,513212.0,504990.0,501853.0,494969.0,478065.0,464429.0,458233.0,456936.0,453072.0,452895.0,459151.0,458999.0,454120.0,457676.0,466231.0,470224.0,475463.0,480266.0,489276.0,484968.0,467741.0,460735.0,450343.0,430940.0,421985.0,421078.0,412453.0,396147.0,373028.0,352052.0,332889.0,329378.0,321550.0,315590.0,310081.0,304954.0,300031.0,295535.0,291448.0,287633.0,284166.0,281095.0,278258.0,275424.0,272330.0,268971.0,265411.0,261937.0,258376.0,254819.0,251491.0,248321.0,245161.0,241958.0,238739.0,235455.0,231975.0
55,717754,728934.0,735133.0,735317.0,741163.0,749043.0,759047.0,765222.0,774939.0,785678.0,789875.0,784163.0,770399.0,747267.0,718669.0,690254.0,658262.0,625460.0,597596.0,576335.0,555487.0,539171.0,528886.0,520593.0,511739.0,503541.0,500413.0,493549.0,476693.0,463096.0,456918.0,455625.0,451772.0,451595.0,457833.0,457682.0,452817.0,456363.0,464893.0,468875.0,474099.0,478888.0,487872.0,483576.0,466399.0,459413.0,449051.0,429703.0,420774.0,419870.0,411269.0,395010.0,371958.0,351042.0,331934.0,328433.0,320627.0,314684.0,309191.0,304079.0,299170.0,294687.0,290612.0,286808.0,283351.0,280288.0,277460.0,274634.0,271549.0,268199.0,264649.0,261185.0,257635.0,254088.0,250769.0,247608.0,244457.0,241264.0,238054.0,234779.0
56,717766,715653.0,726800.0,732981.0,733164.0,738993.0,746850.0,756825.0,762982.0,772670.0,783378.0,787563.0,781867.0,768144.0,745079.0,716565.0,688233.0,656335.0,623629.0,595847.0,574648.0,553861.0,537593.0,527338.0,519069.0,510241.0,502067.0,498948.0,492104.0,475297.0,461740.0,455580.0,454291.0,450449.0,450273.0,456493.0,456342.0,451491.0,455027.0,463532.0,467502.0,472711.0,477486.0,486444.0,482160.0,465034.0,458068.0,447736.0,428445.0,419542.0,418641.0,410065.0,393854.0,370869.0,350014.0,330962.0,327472.0,319688.0,313763.0,308286.0,303189.0,298294.0,293824.0,289761.0,285968.0,282521.0,279467.0,276648.0,273830.0,270754.0,267414.0,263874.0,260420.0,256881.0,253344.0,250035.0,246883.0,243741.0,240558.0,237357.0
57,703058,715623.0,713516.0,724630.0,730793.0,730975.0,736787.0,744620.0,754566.0,760704.0,770363.0,781039.0,785212.0,779533.0,765851.0,742855.0,714426.0,686178.0,654376.0,621767.0,594068.0,572932.0,552207.0,535988.0,525764.0,517519.0,508718.0,500568.0,497458.0,490635.0,473878.0,460361.0,454220.0,452935.0,449104.0,448929.0,455130.0,454980.0,450143.0,453669.0,462148.0,466106.0,471300.0,476060.0,484992.0,480721.0,463646.0,456700.0,446399.0,427166.0,418289.0,417391.0,408841.0,392678.0,369762.0,348969.0,329974.0,326494.0,318734.0,312826.0,307366.0,302284.0,297403.0,292947.0,288896.0,285114.0,281678.0,278633.0,275822.0,273012.0,269946.0,266616.0,263086.0,259643.0,256114.0,252588.0,249289.0,246146.0,243013.0,239840.0
58,672546,700918.0,713445.0,711344.0,722425.0,728569.0,728750.0,734545.0,742354.0,752270.0,758389.0,768018.0,778662.0,782822.0,777161.0,763520.0,740594.0,712252.0,684090.0,652384.0,619875.0,592260.0,571188.0,550526.0,534357.0,524164.0,515944.0,507170.0,499045.0,495944.0,489142.0,472436.0,458960.0,452838.0,451557.0,447737.0,447563.0,453745.0,453595.0,448773.0,452288.0,460741.0,464687.0,469866.0,474611.0,483516.0,479258.0,462235.0,455310.0,445040.0,425866.0,417016.0,416121.0,407597.0,391483.0,368637.0,347907.0,328970.0,325500.0,317764.0,311874.0,306431.0,301364.0,296498.0,292055.0,288017.0,284246.0,280821.0,277785.0,274983.0,272181.0,269124.0,265805.0,262285.0,258853.0,255335.0,251819.0,248530.0,245397.0,242273.0
59,651432,670460.0,698744.0,711232.0,709138.0,720184.0,726309.0,726490.0,732267.0,740052.0,749937.0,756037.0,765636.0,776247.0,780394.0,774751.0,761152.0,738297.0,710043.0,681968.0,650361.0,617953.0,590423.0,569416.0,548819.0,532700.0,522538.0,514344.0,505597.0,497497.0,494406.0,487625.0,470971.0,457537.0,451434.0,450157.0,446348.0,446175.0,452338.0,452188.0,447381.0,450885.0,459312.0,463246.0,468409.0,473139.0,482016.0,477772.0,460801.0,453898.0,443660.0,424545.0,415723.0,414830.0,406333.0,390269.0,367494.0,346828.0,327950.0,324490.0,316778.0,310907.0,305481.0,300429.0,295578.0,291149.0,287124.0,283364.0,279950.0,276923.0,274130.0,271337.0,268289.0,264981.0,261472.0,258050.0,254543.0,251038.0,247759.0,244636.0
60,642982,649374.0,668342.0,696536.0,708985.0,706898.0,717909.0,724014.0,724195.0,729953.0,737714.0,747568.0,753648.0,763217.0,773795.0,777928.0,772303.0,758747.0,735964.0,707800.0,679813.0,648306.0,616001.0,588558.0,567617.0,547085.0,531017.0,520887.0,512719.0,504000.0,495925.0,492844.0,486084.0,469483.0,456091.0,450008.0,448735.0,444938.0,444765.0,450909.0,450759.0,445968.0,449460.0,457861.0,461782.0,466929.0,471644.0,480493.0,476263.0,459345.0,452464.0,442258.0,423204.0,414410.0,413519.0,405049.0,389036.0,366333.0,345732.0,326914.0,323465.0,315777.0,309925.0,304516.0,299480.0,294644.0,290229.0,286217.0,282469.0,279066.0,276048.0,273264.0,270480.0,267441.0,264144.0,260646.0,257235.0,253739.0,250245.0,246976.0
61,632994,640913.0,647285.0,666192.0,694295.0,706704.0,704624.0,715599.0,721685.0,721865.0,727604.0,735340.0,745163.0,751223.0,760761.0,771305.0,775425.0,769818.0,756306.0,733596.0,705523.0,677626.0,646220.0,614019.0,586664.0,565791.0,545325.0,529309.0,519211.0,511069.0,502378.0,494329.0,491258.0,484520.0,467972.0,454624.0,448560.0,447291.0,443506.0,443334.0,449458.0,449309.0,444533.0,448014.0,456388.0,460296.0,465427.0,470127.0,478947.0,474731.0,457867.0,451008.0,440835.0,421842.0,413077.0,412189.0,403746.0,387784.0,365154.0,344620.0,325862.0,322424.0,314761.0,308928.0,303536.0,298516.0,293696.0,289295.0,285296.0,281560.0,278168.0,275160.0,272385.0,269610.0,266581.0,263294.0,259807.0,256407.0,252923.0,249440.0
62,614269,630921.0,638814.0,645165.0,664010.0,692021.0,704389.0,702316.0,713255.0,719321.0,719501.0,725221.0,732932.0,742722.0,748762.0,758269.0,768779.0,772885.0,767297.0,753829.0,731193.0,703212.0,675407.0,644103.0,612008.0,584742.0,563938.0,543539.0,527575.0,517510.0,509395.0,500733.0,492710.0,489649.0,482933.0,466439.0,453135.0,447091.0,445826.0,442053.0,441882.0,447986.0,447837.0,443077.0,446547.0,454893.0,458788.0,463903.0,468587.0,477378.0,473176.0,456367.0,449531.0,439391.0,420460.0,411724.0,410839.0,402424.0,386514.0,363958.0,343491.0,324795.0,321368.0,313730.0,307916.0,302542.0,297538.0,292734.0,288347.0,284362.0,280638.0,277257.0,274259.0,271493.0,268727.0,265708.0,262432.0,258956.0,255567.0,252095.0
63,597159,612221.0,628818.0,636685.0,643014.0,661797.0,689714.0,702041.0,699975.0,710877.0,716923.0,717103.0,722804.0,730489.0,740246.0,746266.0,755741.0,766216.0,770309.0,764739.0,751316.0,728756.0,700868.0,673156.0,641956.0,609968.0,582793.0,562058.0,541727.0,525816.0,515785.0,507697.0,499064.0,491068.0,488017.0,481323.0,464884.0,451625.0,445601.0,444340.0,440579.0,440409.0,446493.0,446344.0,441600.0,445059.0,453377.0,457259.0,462357.0,467025.0,475787.0,471599.0,454846.0,448033.0,437926.0,419058.0,410352.0,409470.0,401083.0,385226.0,362745.0,342346.0,323712.0,320297.0,312684.0,306890.0,301534.0,296546.0,291758.0,287386.0,283414.0,279703.0,276333.0,273345.0,270588.0,267831.0,264822.0,261557.0,258093.0,254715.0
64,567672,595134.0,610145.0,626685.0,634526.0,640833.0,659553.0,687375.0,699660.0,697601.0,708466.0,714492.0,714671.0,720353.0,728012.0,737736.0,743735.0,753178.0,763618.0,767697.0,762146.0,748768.0,726285.0,698491.0,670873.0,639779.0,607899.0,580817.0,560152.0,539890.0,524033.0,514036.0,505975.0,497372.0,489403.0,486362.0,479691.0,463307.0,450093.0,444090.0,442833.0,439085.0,438915.0,444979.0,444830.0,440102.0,443550.0,451839.0,455708.0,460789.0,465441.0,474173.0,470000.0,453303.0,446514.0,436441.0,417637.0,408960.0,408081.0,399723.0,383920.0,361515.0,341185.0,322614.0,319211.0,311624.0,305849.0,300511.0,295540.0,290769.0,286411.0,282453.0,278754.0,275396.0,272418.0,269670.0,266923.0,263924.0,260670.0,257218.0
65,537300,565714.0,593081.0,608040.0,624523.0,632337.0,638623.0,657278.0,685004.0,697247.0,695195.0,706022.0,712028.0,712206.0,717868.0,725501.0,735191.0,741170.0,750580.0,760984.0,765049.0,759517.0,746185.0,723780.0,696082.0,668559.0,637572.0,605802.0,578814.0,558220.0,538028.0,522225.0,512263.0,504230.0,495656.0,487715.0,484684.0,478036.0,461709.0,448541.0,442558.0,441306.0,437570.0,437401.0,443444.0,443296.0,438584.0,442020.0,450280.0,454136.0,459200.0,463836.0,472537.0,468379.0,451739.0,444974.0,434936.0,416196.0,407549.0,406673.0,398344.0,382596.0,360268.0,340008.0,321501.0,318110.0,310549.0,304794.0,299474.0,294521.0,289766.0,285423.0,281479.0,277793.0,274446.0,271478.0,268740.0,266002.0,263014.0,259771.0
66,514456,534808.0,563090.0,590330.0,605220.0,621627.0,629404.0,635661.0,654230.0,681827.0,694013.0,691971.0,702748.0,708726.0,708903.0,714539.0,722136.0,731781.0,737733.0,747099.0,757455.0,761501.0,755995.0,742724.0,720423.0,692854.0,665458.0,634615.0,602992.0,576130.0,555631.0,535533.0,519803.0,509887.0,501892.0,493357.0,485453.0,482436.0,475819.0,459568.0,446461.0,440506.0,439259.0,435541.0,435372.0,441387.0,441240.0,436550.0,439970.0,448192.0,452030.0,457070.0,461685.0,470346.0,466207.0,449644.0,442910.0,432919.0,414266.0,405659.0,404787.0,396497.0,380822.0,358597.0,338431.0,320010.0,316635.0,309109.0,303380.0,298085.0,293155.0,288422.0,284099.0,280174.0,276505.0,273173.0,270219.0,267494.0,264768.0,261794.0
67,499746,510626.0,530827.0,558898.0,585935.0,600714.0,616999.0,624718.0,630929.0,649359.0,676751.0,688846.0,686820.0,697516.0,703450.0,703625.0,709220.0,716760.0,726333.0,732241.0,741537.0,751816.0,755832.0,750367.0,737195.0,715060.0,687696.0,660504.0,629891.0,598503.0,571841.0,551495.0,531546.0,515933.0,506091.0,498156.0,489684.0,481839.0,478844.0,472277.0,456147.0,443137.0,437227.0,435989.0,432299.0,432131.0,438101.0,437955.0,433300.0,436695.0,444855.0,448665.0,453667.0,458248.0,466844.0,462736.0,446297.0,439613.0,429696.0,411182.0,402639.0,401774.0,393545.0,377987.0,355927.0,335911.0,317628.0,314278.0,306808.0,301121.0,295866.0,290973.0,286275.0,281984.0,278088.0,274447.0,271139.0,268207.0,265503.0,262797.0
68,495476,494623.0,505391.0,525385.0,553168.0,579928.0,594556.0,610674.0,618314.0,624461.0,642702.0,669813.0,681784.0,679779.0,690365.0,696238.0,696412.0,701949.0,709412.0,718887.0,724734.0,733935.0,744109.0,748083.0,742674.0,729638.0,707729.0,680646.0,653733.0,623434.0,592367.0,565979.0,545841.0,526097.0,510644.0,500903.0,493049.0,484664.0,476899.0,473935.0,467435.0,451471.0,438594.0,432745.0,431519.0,427867.0,427701.0,433610.0,433465.0,428858.0,432218.0,440294.0,444065.0,449016.0,453550.0,462058.0,457992.0,441722.0,435106.0,425291.0,406967.0,398511.0,397655.0,389511.0,374112.0,352278.0,332467.0,314372.0,311056.0,303663.0,298034.0,292833.0,287990.0,283340.0,279093.0,275237.0,271633.0,268359.0,265457.0,262781.0
69,475193,489006.0,488164.0,498791.0,518524.0,545944.0,572355.0,586792.0,602699.0,610240.0,616306.0,634309.0,661066.0,672881.0,670902.0,681350.0,687146.0,687318.0,692782.0,700148.0,709499.0,715270.0,724351.0,734392.0,738314.0,732976.0,720110.0,698487.0,671758.0,645196.0,615293.0,584631.0,558588.0,538713.0,519227.0,503976.0,494362.0,486610.0,478335.0,470671.0,467746.0,461331.0,445575.0,432867.0,427094.0,425884.0,422280.0,422116.0,427948.0,427805.0,423258.0,426574.0,434544.0,438266.0,443152.0,447627.0,456024.0,452011.0,435954.0,429424.0,419737.0,401653.0,393307.0,392462.0,384425.0,369227.0,347678.0,328125.0,310267.0,306994.0,299698.0,294142.0,289009.0,284229.0,279640.0,275448.0,271643.0,268086.0,264855.0,261990.0
70,450959,467654.0,481248.0,480419.0,490877.0,510297.0,537282.0,563274.0,577482.0,593137.0,600558.0,606528.0,624245.0,650578.0,662205.0,660258.0,670540.0,676244.0,676413.0,681791.0,689040.0,698242.0,703922.0,712859.0,722740.0,726600.0,721347.0,708685.0,687405.0,661100.0,634960.0,605531.0,575355.0,549726.0,530166.0,510989.0,495980.0,486519.0,478890.0,470746.0,463203.0,460325.0,454012.0,438506.0,425999.0,420318.0,419127.0,415580.0,415419.0,421158.0,421018.0,416543.0,419806.0,427650.0,431313.0,436121.0,440525.0,448789.0,444840.0,429037.0,422611.0,413078.0,395281.0,387067.0,386235.0,378326.0,363369.0,342162.0,322919.0,305344.0,302123.0,294943.0,289475.0,284424.0,279720.0,275203.0,271078.0,267333.0,263833.0,260653.0
71,450251,442538.0,458922.0,472262.0,471448.0,481711.0,500768.0,527250.0,552756.0,566699.0,582062.0,589344.0,595203.0,612589.0,638430.0,649840.0,647929.0,658019.0,663617.0,663783.0,669060.0,676174.0,685204.0,690778.0,699548.0,709245.0,713032.0,707878.0,695452.0,674569.0,648756.0,623104.0,594224.0,564612.0,539461.0,520266.0,501447.0,486719.0,477434.0,469948.0,461956.0,454554.0,451730.0,445534.0,430318.0,418044.0,412470.0,411301.0,407820.0,407662.0,413294.0,413156.0,408765.0,411967.0,419665.0,423259.0,427977.0,432299.0,440409.0,436534.0,421026.0,414720.0,405365.0,387900.0,379839.0,379023.0,371262.0,356584.0,335773.0,316889.0,299642.0,296482.0,289436.0,284070.0,279113.0,274497.0,270064.0,266016.0,262341.0,258907.0
72,463910,440580.0,433032.0,449065.0,462118.0,461321.0,471364.0,490012.0,515925.0,540883.0,554526.0,569560.0,576685.0,582418.0,599431.0,624717.0,635882.0,634012.0,643885.0,649363.0,649525.0,654689.0,661650.0,670486.0,675940.0,684522.0,694011.0,697716.0,692673.0,680514.0,660079.0,634821.0,609720.0,581460.0,552484.0,527874.0,509091.0,490676.0,476264.0,467179.0,459854.0,452033.0,444790.0,442027.0,435964.0,421075.0,409065.0,403610.0,402466.0,399060.0,398906.0,404417.0,404282.0,399985.0,403118.0,410651.0,414168.0,418784.0,423013.0,430949.0,427157.0,411983.0,405812.0,396658.0,379568.0,371680.0,370882.0,363287.0,348925.0,328561.0,310082.0,293206.0,290114.0,283219.0,277968.0,273118.0,268601.0,264263.0,260302.0,256706.0
73,448302,452643.0,429880.0,422515.0,438159.0,450895.0,450117.0,459916.0,478111.0,503395.0,527747.0,541058.0,555727.0,562679.0,568273.0,584873.0,609545.0,620439.0,618614.0,628247.0,633592.0,633750.0,638789.0,645581.0,654202.0,659524.0,667897.0,677156.0,680771.0,675850.0,663987.0,644048.0,619403.0,594912.0,567338.0,539066.0,515054.0,496727.0,478759.0,464697.0,455833.0,448686.0,441055.0,433988.0,431292.0,425376.0,410848.0,399130.0,393808.0,392691.0,389368.0,389218.0,394595.0,394463.0,390271.0,393328.0,400678.0,404109.0,408613.0,412739.0,420483.0,416783.0,401977.0,395956.0,387025.0,370350.0,362653.0,361875.0,354464.0,340451.0,320581.0,302551.0,286085.0,283068.0,276341.0,271217.0,266485.0,262078.0,257845.0,253980.0
74,412940,436156.0,440379.0,418233.0,411068.0,426288.0,438679.0,437922.0,447455.0,465157.0,489756.0,513448.0,526399.0,540670.0,547434.0,552876.0,569027.0,593030.0,603629.0,601853.0,611225.0,616426.0,616579.0,621482.0,628090.0,636477.0,641655.0,649801.0,658809.0,662326.0,657539.0,645997.0,626598.0,602621.0,578794.0,551967.0,524461.0,501099.0,483269.0,465788.0,452107.0,443483.0,436529.0,429105.0,422230.0,419607.0,413851.0,399717.0,388316.0,383138.0,382052.0,378819.0,378673.0,383904.0,383776.0,379697.0,382671.0,389822.0,393160.0,397542.0,401556.0,409091.0,405491.0,391086.0,385228.0,376539.0,360316.0,352827.0,352070.0,344860.0,331227.0,311895.0,294354.0,278334.0,275399.0,268854.0,263869.0,259265.0,254977.0,250859.0
75,406058,400593.0,423115.0,427211.0,405728.0,398777.0,413542.0,425562.0,424828.0,434076.0,451248.0,475112.0,498096.0,510659.0,524504.0,531065.0,536345.0,552013.0,575298.0,585580.0,583857.0,592949.0,597994.0,598143.0,602899.0,609310.0,617446.0,622469.0,630372.0,639110.0,642522.0,637878.0,626681.0,607862.0,584602.0,561488.0,535463.0,508779.0,486116.0,468819.0,451861.0,438589.0,430223.0,423476.0,416274.0,409605.0,407060.0,401477.0,387765.0,376705.0,371682.0,370628.0,367492.0,367350.0,372425.0,372301.0,368344.0,371229.0,378166.0,381404.0,385655.0,389549.0,396859.0,393367.0,379392.0,373709.0,365280.0,349542.0,342277.0,341543.0,334548.0,321323.0,302569.0,285553.0,270012.0,267164.0,260815.0,255979.0,251513.0,247353.0
76,397628,392777.0,387491.0,409276.0,413238.0,392458.0,385734.0,400016.0,411643.0,410933.0,419878.0,436489.0,459572.0,481804.0,493957.0,507349.0,513695.0,518802.0,533958.0,556481.0,566427.0,564760.0,573555.0,578435.0,578579.0,583180.0,589381.0,597251.0,602109.0,609754.0,618206.0,621507.0,617014.0,606184.0,587980.0,565481.0,543123.0,517949.0,492138.0,470216.0,453485.0,437082.0,424244.0,416151.0,409625.0,402659.0,396208.0,393746.0,388346.0,375082.0,364384.0,359525.0,358506.0,355472.0,355335.0,360244.0,360124.0,356296.0,359087.0,365797.0,368929.0,373041.0,376808.0,383879.0,380501.0,366983.0,361486.0,353333.0,338109.0,331082.0,330372.0,323606.0,310813.0,292673.0,276213.0,261181.0,258426.0,252284.0,247607.0,243287.0
77,376868,383506.0,378828.0,373729.0,394741.0,398562.0,378520.0,372035.0,385810.0,397024.0,396339.0,404966.0,420987.0,443250.0,464693.0,476414.0,489331.0,495451.0,500377.0,514995.0,536718.0,546311.0,544703.0,553185.0,557892.0,558031.0,562469.0,568449.0,576040.0,580725.0,588099.0,596251.0,599434.0,595101.0,584656.0,567098.0,545398.0,523834.0,499554.0,474660.0,453516.0,437380.0,421559.0,409177.0,401372.0,395077.0,388359.0,382137.0,379762.0,374554.0,361761.0,351443.0,346757.0,345774.0,342848.0,342715.0,347450.0,347334.0,343642.0,346334.0,352806.0,355827.0,359793.0,363426.0,370246.0,366988.0,353950.0,348648.0,340784.0,326101.0,319324.0,318639.0,312113.0,299775.0,282279.0,266403.0,251905.0,249248.0,243324.0,238813.0
78,340719,362426.0,368809.0,364311.0,359407.0,379614.0,383288.0,364014.0,357778.0,371025.0,381809.0,381151.0,389447.0,404854.0,426264.0,446885.0,458157.0,470579.0,476464.0,481202.0,495260.0,516150.0,525375.0,523829.0,531986.0,536513.0,536646.0,540914.0,546665.0,553965.0,558471.0,565562.0,573402.0,576463.0,572296.0,562251.0,545366.0,524497.0,503760.0,480410.0,456470.0,436137.0,420619.0,405404.0,393497.0,385991.0,379937.0,373476.0,367493.0,365209.0,360200.0,347898.0,337975.0,333469.0,332523.0,329709.0,329582.0,334135.0,334024.0,330473.0,333062.0,339286.0,342191.0,346005.0,349499.0,356058.0,352924.0,340386.0,335287.0,327725.0,313604.0,307087.0,306428.0,300152.0,288287.0,271462.0,256194.0,242252.0,239696.0,233999.0
79,296110,326706.0,347520.0,353640.0,349327.0,344625.0,364001.0,367524.0,349043.0,343063.0,355765.0,366106.0,365475.0,373430.0,388203.0,408732.0,428505.0,439314.0,451225.0,456868.0,461411.0,474891.0,494921.0,503767.0,502285.0,510106.0,514447.0,514574.0,518667.0,524181.0,531181.0,535502.0,542301.0,549819.0,552754.0,548758.0,539126.0,522936.0,502925.0,483041.0,460651.0,437696.0,418199.0,403319.0,388730.0,377313.0,370116.0,364311.0,358115.0,352379.0,350188.0,345385.0,333589.0,324075.0,319754.0,318847.0,316149.0,316027.0,320392.0,320286.0,316881.0,319364.0,325332.0,328117.0,331774.0,335125.0,341414.0,338409.0,326386.0,321497.0,314246.0,300706.0,294457.0,293825.0,287807.0,276430.0,260297.0,245657.0,232288.0,229838.0
80,306922,283100.0,312352.0,332251.0,338103.0,333979.0,329484.0,348008.0,351377.0,333708.0,327990.0,340134.0,350021.0,349418.0,357023.0,371147.0,390774.0,409678.0,420012.0,431400.0,436795.0,441139.0,454026.0,473176.0,481634.0,480217.0,487694.0,491844.0,491966.0,495879.0,501151.0,507843.0,511974.0,518475.0,525662.0,528468.0,524648.0,515439.0,499960.0,480829.0,461818.0,440412.0,418466.0,399825.0,385599.0,371651.0,360735.0,353855.0,348305.0,342381.0,336897.0,334802.0,330210.0,318933.0,309837.0,305705.0,304838.0,302259.0,302142.0,306315.0,306214.0,302959.0,305333.0,311038.0,313701.0,317197.0,320401.0,326414.0,323541.0,312046.0,307372.0,300439.0,287494.0,281520.0,280916.0,275162.0,264285.0,248861.0,234864.0,222082.0
81,271566,292576.0,269867.0,297752.0,316721.0,322299.0,318368.0,314083.0,331741.0,334953.0,318110.0,312659.0,324235.0,333660.0,333085.0,340335.0,353799.0,372508.0,390529.0,400380.0,411235.0,416378.0,420519.0,432804.0,451058.0,459121.0,457770.0,464898.0,468854.0,468970.0,472700.0,477726.0,484105.0,488043.0,494240.0,501091.0,503766.0,500125.0,491346.0,476591.0,458354.0,440231.0,419826.0,398906.0,381136.0,367575.0,354279.0,343873.0,337315.0,332024.0,326377.0,321150.0,319152.0,314775.0,304025.0,295354.0,291416.0,290589.0,288131.0,288019.0,291997.0,291901.0,288798.0,291061.0,296499.0,299038.0,302370.0,305425.0,311157.0,308418.0,297460.0,293005.0,286396.0,274056.0,268361.0,267785.0,262300.0,251932.0,237229.0,223886.0
82,222117,258110.0,278079.0,256495.0,282998.0,301028.0,306329.0,302593.0,298520.0,315303.0,318356.0,302348.0,297167.0,308169.0,317127.0,316581.0,323472.0,336268.0,354050.0,371178.0,380541.0,390858.0,395747.0,399682.0,411359.0,428708.0,436372.0,435088.0,441862.0,445622.0,445733.0,449278.0,454055.0,460118.0,463861.0,469751.0,476262.0,478805.0,475344.0,467000.0,452976.0,435643.0,418418.0,399024.0,379140.0,362251.0,349362.0,336725.0,326834.0,320601.0,315572.0,310205.0,305237.0,303338.0,299178.0,288961.0,280719.0,276976.0,276190.0,273854.0,273748.0,277529.0,277437.0,274488.0,276639.0,281808.0,284221.0,287388.0,290291.0,295739.0,293136.0,282721.0,278487.0,272205.0,260477.0,255064.0,254516.0,249303.0,239449.0,225474.0
83,238765,210488.0,244596.0,263520.0,243066.0,268181.0,285267.0,290291.0,286750.0,282890.0,298795.0,301688.0,286518.0,281608.0,292034.0,300523.0,300006.0,306536.0,318662.0,335513.0,351744.0,360617.0,370394.0,375027.0,378756.0,389822.0,406262.0,413525.0,412308.0,418728.0,422291.0,422396.0,425755.0,430282.0,436028.0,439575.0,445156.0,451327.0,453736.0,450457.0,442549.0,429260.0,412834.0,396511.0,378132.0,359289.0,343285.0,331071.0,319095.0,309722.0,303815.0,299050.0,293964.0,289256.0,287456.0,283514.0,273832.0,266021.0,262474.0,261730.0,259516.0,259415.0,262999.0,262911.0,260117.0,262155.0,267053.0,269340.0,272341.0,275092.0,280255.0,277788.0,267919.0,263906.0,257953.0,246839.0,241710.0,241190.0,236250.0,226912.0
84,250573,225594.0,198877.0,231103.0,248983.0,229658.0,253387.0,269531.0,274277.0,270932.0,267285.0,282312.0,285046.0,270713.0,266073.0,275924.0,283945.0,283457.0,289626.0,301083.0,317005.0,332341.0,340724.0,349962.0,354339.0,357862.0,368318.0,383851.0,390713.0,389564.0,395629.0,398996.0,399095.0,402269.0,406546.0,411975.0,415326.0,420600.0,426430.0,428706.0,425608.0,418136.0,405580.0,390061.0,374638.0,357273.0,339469.0,324348.0,312808.0,301493.0,292637.0,287055.0,282553.0,277748.0,273300.0,271599.0,267874.0,258726.0,251346.0,247995.0,247292.0,245200.0,245105.0,248491.0,248408.0,245768.0,247694.0,252321.0,254482.0,257318.0,259917.0,264795.0,262464.0,253140.0,249348.0,243723.0,233222.0,228376.0,227885.0,223218.0
85,241521,236047.0,212516.0,187348.0,217706.0,234549.0,216345.0,238698.0,253906.0,258377.0,255226.0,251790.0,265946.0,268522.0,255020.0,250649.0,259928.0,267485.0,267025.0,272836.0,283629.0,298628.0,313075.0,320972.0,329674.0,333798.0,337116.0,346966.0,361599.0,368063.0,366981.0,372694.0,375866.0,375959.0,378949.0,382978.0,388093.0,391249.0,396218.0,401710.0,403854.0,400935.0,393896.0,382068.0,367449.0,352920.0,336562.0,319790.0,305545.0,294674.0,284015.0,275673.0,270414.0,266173.0,261647.0,257457.0,255854.0,252345.0,243727.0,236775.0,233619.0,232956.0,230986.0,230896.0,234086.0,234008.0,231521.0,233335.0,237694.0,239730.0,242401.0,244849.0,249445.0,247249.0,238465.0,234893.0,229594.0,219702.0,215137.0,214674.0
86,219233,227520.0,222363.0,200196.0,176487.0,205085.0,220952.0,203803.0,224861.0,239187.0,243399.0,240430.0,237194.0,250529.0,252956.0,240236.0,236119.0,244860.0,251979.0,251545.0,257020.0,267187.0,281316.0,294926.0,302365.0,310563.0,314448.0,317573.0,326852.0,340637.0,346726.0,345707.0,351089.0,354077.0,354164.0,356981.0,360777.0,365595.0,368568.0,373249.0,378423.0,380442.0,377693.0,371062.0,359919.0,346148.0,332461.0,317051.0,301252.0,287832.0,277592.0,267550.0,259692.0,254738.0,250743.0,246479.0,242532.0,241022.0,237716.0,229598.0,223049.0,220076.0,219451.0,217596.0,217511.0,220516.0,220442.0,218100.0,219808.0,223915.0,225833.0,228349.0,230655.0,234985.0,232916.0,224641.0,221276.0,216284.0,206966.0,202665.0
87,202131,202256.0,209901.0,205143.0,184693.0,162820.0,189203.0,203842.0,188021.0,207448.0,220665.0,224550.0,221811.0,218826.0,231128.0,233367.0,221632.0,217834.0,225898.0,232466.0,232066.0,237117.0,246496.0,259531.0,272087.0,278950.0,286513.0,290097.0,292980.0,301541.0,314258.0,319876.0,318936.0,323901.0,326658.0,326738.0,329337.0,332839.0,337284.0,340026.0,344345.0,349118.0,350981.0,348445.0,342327.0,332047.0,319343.0,306715.0,292499.0,277923.0,265542.0,256095.0,246831.0,239582.0,235011.0,231326.0,227392.0,223750.0,222357.0,219307.0,211818.0,205776.0,203033.0,202457.0,200746.0,200667.0,203439.0,203371.0,201210.0,202786.0,206575.0,208345.0,210666.0,212793.0,216788.0,214879.0,207245.0,204141.0,199535.0,190939.0
88,183496,182543.0,182656.0,189560.0,185263.0,166795.0,147041.0,170868.0,184088.0,169800.0,187345.0,199281.0,202789.0,200316.0,197620.0,208730.0,210752.0,200154.0,196724.0,204007.0,209938.0,209577.0,214138.0,222609.0,234380.0,245720.0,251918.0,258748.0,261984.0,264588.0,272319.0,283804.0,288877.0,288029.0,292512.0,295002.0,295074.0,297422.0,300584.0,304599.0,307075.0,310975.0,315286.0,316968.0,314678.0,309153.0,299869.0,288396.0,276992.0,264154.0,250990.0,239809.0,231277.0,222911.0,216365.0,212237.0,208909.0,205356.0,202067.0,200809.0,198054.0,191291.0,185835.0,183357.0,182837.0,181292.0,181221.0,183724.0,183663.0,181711.0,183134.0,186556.0,188155.0,190251.0,192172.0,195780.0,194056.0,187161.0,184358.0,180198.0
89,157738,162141.0,161299.0,161399.0,167500.0,163703.0,147384.0,129929.0,150983.0,162664.0,150039.0,165542.0,176089.0,179189.0,177004.0,174622.0,184439.0,186225.0,176861.0,173830.0,180265.0,185506.0,185187.0,189217.0,196703.0,207104.0,217124.0,222601.0,228636.0,231495.0,233796.0,240627.0,250776.0,255258.0,254509.0,258470.0,260671.0,260734.0,262809.0,265603.0,269151.0,271339.0,274785.0,278594.0,280080.0,278057.0,273175.0,264971.0,254833.0,244757.0,233413.0,221781.0,211901.0,204362.0,196969.0,191185.0,187538.0,184597.0,181457.0,178551.0,177440.0,175005.0,169029.0,164208.0,162019.0,161559.0,160194.0,160131.0,162343.0,162289.0,160564.0,161821.0,164845.0,166258.0,168110.0,169808.0,172996.0,171472.0,165380.0,162903.0
90,133023,136310.0,140115.0,139387.0,139474.0,144746.0,141465.0,127363.0,112279.0,130473.0,140567.0,129657.0,143054.0,152168.0,154847.0,152959.0,150900.0,159384.0,160927.0,152835.0,150216.0,155777.0,160306.0,160030.0,163513.0,169982.0,178970.0,187629.0,192362.0,197577.0,200048.0,202036.0,207939.0,216709.0,220582.0,219935.0,223358.0,225260.0,225315.0,227108.0,229522.0,232588.0,234479.0,237457.0,240748.0,242032.0,240284.0,236065.0,228976.0,220215.0,211508.0,201705.0,191653.0,183115.0,176600.0,170212.0,165213.0,162062.0,159520.0,156807.0,154296.0,153336.0,151231.0,146067.0,141901.0,140010.0,139612.0,138432.0,138378.0,140289.0,140243.0,138752.0,139838.0,142452.0,143673.0,145273.0,146740.0,149495.0,148178.0,142914.0
91,110871,112363.0,115139.0,118353.0,117738.0,117812.0,122265.0,119494.0,107582.0,94841.0,110209.0,118735.0,109519.0,120836.0,128534.0,130797.0,129202.0,127463.0,134629.0,135933.0,129098.0,126885.0,131583.0,135408.0,135175.0,138117.0,143581.0,151173.0,158488.0,162486.0,166891.0,168978.0,170657.0,175643.0,183051.0,186323.0,185776.0,188667.0,190274.0,190320.0,191835.0,193874.0,196464.0,198061.0,200577.0,203357.0,204441.0,202965.0,199401.0,193413.0,186013.0,178658.0,170377.0,161887.0,154675.0,149172.0,143776.0,139553.0,136892.0,134744.0,132453.0,130332.0,129521.0,127743.0,123381.0,119862.0,118265.0,117928.0,116932.0,116886.0,118500.0,118461.0,117202.0,118119.0,120327.0,121359.0,122710.0,123949.0,126276.0,125164.0
92,89742,91493.0,92724.0,95015.0,97667.0,97159.0,97221.0,100895.0,98609.0,88779.0,78264.0,90946.0,97982.0,90377.0,99716.0,106069.0,107936.0,106620.0,105185.0,111098.0,112174.0,106534.0,104708.0,108585.0,111741.0,111549.0,113977.0,118486.0,124751.0,130787.0,134086.0,137721.0,139444.0,140829.0,144944.0,151057.0,153757.0,153306.0,155691.0,157017.0,157055.0,158306.0,159988.0,162126.0,163443.0,165520.0,167814.0,168708.0,167490.0,164549.0,159608.0,153501.0,147432.0,140598.0,133592.0,127641.0,123099.0,118646.0,115162.0,112966.0,111193.0,109303.0,107552.0,106883.0,105416.0,101816.0,98912.0,97594.0,97316.0,96494.0,96456.0,97788.0,97756.0,96717.0,97474.0,99296.0,100148.0,101262.0,102285.0,104205.0
93,71168,72310.0,73720.0,74712.0,76558.0,78695.0,78286.0,78336.0,81296.0,79454.0,71534.0,63061.0,73280.0,78949.0,72821.0,80346.0,85465.0,86969.0,85909.0,84753.0,89517.0,90384.0,85840.0,84368.0,87492.0,90035.0,89880.0,91837.0,95470.0,100518.0,105381.0,108040.0,110969.0,112357.0,113473.0,116788.0,121714.0,123890.0,123526.0,125448.0,126516.0,126547.0,127555.0,128910.0,130633.0,131694.0,133368.0,135216.0,135936.0,134955.0,132585.0,128604.0,123683.0,118793.0,113287.0,107642.0,102847.0,99187.0,95599.0,92792.0,91022.0,89594.0,88071.0,86660.0,86121.0,84939.0,82038.0,79698.0,78636.0,78412.0,77750.0,77719.0,78793.0,78767.0,77930.0,78540.0,80008.0,80694.0,81592.0,82416.0
94,54584,55958.0,56856.0,57965.0,58745.0,60196.0,61876.0,61555.0,61594.0,63921.0,62473.0,56246.0,49584.0,57619.0,62076.0,57258.0,63174.0,67199.0,68382.0,67549.0,66640.0,70385.0,71067.0,67494.0,66337.0,68793.0,70793.0,70671.0,72210.0,75066.0,79035.0,82859.0,84950.0,87253.0,88344.0,89222.0,91828.0,95701.0,97412.0,97126.0,98637.0,99477.0,99501.0,100294.0,101359.0,102714.0,103548.0,104865.0,106318.0,106884.0,106112.0,104249.0,101119.0,97250.0,93405.0,89075.0,84637.0,80867.0,77989.0,75168.0,72961.0,71569.0,70446.0,69248.0,68139.0,67715.0,66786.0,64505.0,62665.0,61830.0,61654.0,61133.0,61109.0,61953.0,61933.0,61275.0,61754.0,62909.0,63448.0,64154.0
95,41421,41856.0,42909.0,43598.0,44448.0,45046.0,46159.0,47447.0,47201.0,47231.0,49015.0,47905.0,43130.0,38022.0,44183.0,47601.0,43906.0,48443.0,51529.0,52436.0,51797.0,51100.0,53972.0,54495.0,51755.0,50868.0,52751.0,54285.0,54191.0,55371.0,57561.0,60605.0,63537.0,65141.0,66907.0,67743.0,68416.0,70415.0,73385.0,74697.0,74477.0,75636.0,76280.0,76299.0,76907.0,77723.0,78762.0,79402.0,80412.0,81526.0,81960.0,81368.0,79939.0,77539.0,74572.0,71624.0,68304.0,64901.0,62010.0,59803.0,57640.0,55947.0,54880.0,54019.0,53100.0,52250.0,51925.0,51212.0,49463.0,48052.0,47412.0,47277.0,46878.0,46859.0,47506.0,47491.0,46986.0,47354.0,48239.0,48653.0
96,30306,30956.0,31281.0,32068.0,32583.0,33218.0,33665.0,34497.0,35459.0,35275.0,35298.0,36631.0,35801.0,32233.0,28415.0,33020.0,35574.0,32813.0,36204.0,38510.0,39188.0,38710.0,38189.0,40336.0,40726.0,38679.0,38016.0,39423.0,40570.0,40499.0,41381.0,43018.0,45293.0,47484.0,48683.0,50002.0,50627.0,51130.0,52624.0,54844.0,55824.0,55660.0,56526.0,57007.0,57022.0,57476.0,58086.0,58862.0,59341.0,60095.0,60928.0,61252.0,60810.0,59742.0,57948.0,55731.0,53528.0,51047.0,48503.0,46343.0,44693.0,43077.0,41812.0,41014.0,40371.0,39684.0,39049.0,38806.0,38273.0,36966.0,35911.0,35433.0,35332.0,35034.0,35020.0,35503.0,35492.0,35115.0,35390.0,36051.0
97,21439,22059.0,22532.0,22769.0,23341.0,23716.0,24179.0,24504.0,25109.0,25810.0,25676.0,25693.0,26663.0,26059.0,23462.0,20683.0,24034.0,25893.0,23884.0,26352.0,28030.0,28524.0,28176.0,27797.0,29360.0,29643.0,28153.0,27671.0,28695.0,29530.0,29478.0,30120.0,31312.0,32968.0,34562.0,35435.0,36395.0,36850.0,37216.0,38304.0,39920.0,40633.0,40513.0,41144.0,41494.0,41505.0,41835.0,42279.0,42844.0,43193.0,43742.0,44348.0,44584.0,44262.0,43485.0,42179.0,40565.0,38962.0,37156.0,35304.0,33732.0,32531.0,31355.0,30434.0,29853.0,29385.0,28885.0,28423.0,28246.0,27858.0,26907.0,26139.0,25791.0,25717.0,25500.0,25490.0,25842.0,25834.0,25559.0,25759.0
98,14964,15188.0,15627.0,15962.0,16130.0,16535.0,16801.0,17129.0,17359.0,17787.0,18284.0,18189.0,18201.0,18888.0,18460.0,16621.0,14652.0,17026.0,18343.0,16920.0,18668.0,19857.0,20207.0,19960.0,19692.0,20799.0,20999.0,19944.0,19602.0,20328.0,20919.0,20882.0,21337.0,22182.0,23355.0,24484.0,25102.0,25782.0,26105.0,26364.0,27135.0,28280.0,28785.0,28700.0,29147.0,29395.0,29402.0,29636.0,29951.0,30351.0,30598.0,30987.0,31416.0,31584.0,31355.0,30805.0,29880.0,28736.0,27601.0,26322.0,25010.0,23896.0,23045.0,22212.0,21560.0,21148.0,20817.0,20462.0,20135.0,20010.0,19735.0,19061.0,18517.0,18270.0,18218.0,18064.0,18057.0,18307.0,18301.0,18106.0
99,9836,10309.0,10464.0,10766.0,10997.0,11113.0,11392.0,11575.0,11801.0,11959.0,12254.0,12597.0,12531.0,12539.0,13013.0,12718.0,11451.0,10094.0,11730.0,12637.0,11657.0,12861.0,13680.0,13921.0,13751.0,13567.0,14329.0,14467.0,13740.0,13505.0,14005.0,14412.0,14386.0,14700.0,15282.0,16090.0,16868.0,17294.0,17762.0,17985.0,18163.0,18694.0,19483.0,19831.0,19772.0,20080.0,20251.0,20256.0,20417.0,20634.0,20910.0,21080.0,21348.0,21644.0,21759.0,21602.0,21223.0,20585.0,19797.0,19015.0,18134.0,17230.0,16463.0,15877.0,15303.0,14853.0,14570.0,14342.0,14097.0,13872.0,13786.0,13596.0,13132.0,12757.0,12587.0,12551.0,12445.0,12440.0,12612.0,12608.0
100,13938,14251.0,14740.0,15112.0,15519.0,15897.0,16183.0,16528.0,16839.0,17161.0,17445.0,17799.0,18222.0,18411.0,18520.0,18898.0,18908.0,18065.0,16694.0,17035.0,17829.0,17610.0,18296.0,19221.0,19892.0,20147.0,20164.0,20683.0,21061.0,20782.0,20471.0,20635.0,20997.0,21179.0,21489.0,22050.0,22900.0,23888.0,24716.0,25485.0,26057.0,26491.0,27085.0,27940.0,28643.0,28991.0,29388.0,29720.0,29907.0,30118.0,30379.0,30707.0,31001.0,31343.0,31729.0,32018.0,32072.0,31848.0,31297.0,30466.0,29486.0,28357.0,27131.0,25943.0,24898.0,23939.0,23110.0,22464.0,21957.0,21513.0,21119.0,20844.0,20566.0,20102.0,19596.0,19205.0,18966.0,18763.0,18648.0,18699.0
